{
    "preprocess": {
        "workers": 8,
        "chunks": 64,
        "drop_columns": [
            "Unnamed: 0"
        ],
        "missing_string": "missing! information not found",
        "test_split": 0.1
    },
    "model": {
        "max_len": 2500,
        "device": "cuda",
        "epochs": 20,
        "batch_size": 64,
        "lr": 1e-09
    },
    "time_to_preprocess": 1.0160508155822754,
    "tokenization_time": 1.6788227558135986,
    "model_architechture": null,
    "train_history_MAPE": [
        0.36848488450050354,
        0.3690117299556732,
        0.3688967227935791,
        0.3694099485874176,
        0.3688634932041168,
        0.3685503304004669,
        0.3685550391674042,
        0.36877015233039856,
        0.3684993088245392,
        0.36837270855903625,
        0.368588387966156,
        0.3687026798725128,
        0.3683697283267975,
        0.36830976605415344,
        0.3684525191783905,
        0.36840635538101196,
        0.3681281507015228,
        0.368272066116333,
        0.3681091070175171,
        0.36831405758857727
    ],
    "val_history_MAPE": [
        0.37145382165908813,
        0.3713977038860321,
        0.3714916706085205,
        0.3711755871772766,
        0.37137678265571594,
        0.3710627257823944,
        0.3713769316673279,
        0.37079745531082153,
        0.37103259563446045,
        0.3710557222366333,
        0.3712645173072815,
        0.3709560036659241,
        0.37079674005508423,
        0.37092483043670654,
        0.3707271218299866,
        0.37075740098953247,
        0.37059223651885986,
        0.3706097900867462,
        0.37060311436653137,
        0.3704279065132141
    ]
}