{
    "preprocess": {
        "workers": 8,
        "chunks": 64,
        "drop_columns": [
            "Unnamed: 0"
        ],
        "missing_string": "missing! information not found",
        "test_split": 0.1
    },
    "model": {
        "max_len": 2500,
        "device": "cuda",
        "epochs": 10,
        "batch_size": 128,
        "lr": 1e-09
    },
    "time_to_preprocess": 1.7731566429138184,
    "tokenization_time": 23.189772367477417,
    "model_architechture": null,
    "train_history_MAPE": [
        3430.125244140625,
        3470.838623046875,
        3470.058349609375,
        3446.673828125,
        3457.511474609375,
        3440.36376953125,
        3427.102294921875,
        3445.083984375,
        3460.54833984375,
        3458.347900390625
    ],
    "val_history_MAPE": [
        0.35510003566741943,
        0.3550058901309967,
        0.35490643978118896,
        0.35478267073631287,
        0.3548888564109802,
        0.35486936569213867,
        0.3547574579715729,
        0.35478177666664124,
        0.35483747720718384,
        0.3547438979148865
    ],
    "remarks": ""
}